track_id,artists,album_name,track_name,popularity,duration_ms,explicit,danceability,energy,key,loudness,mode,speechiness,acousticness,instrumentalness,liveness,valence,tempo,time_signature,track_genre,duration_min,loudness_normalized,is_hit
0sa8J8EmTnCmu11q0lPkL4,Stephy Tang,十分愛精選,十分. 愛,20,245000,False,0.559,0.428,1,-6.681,1,0.033,0.736,0.0,0.0753,0.204,148.078,4,cantopop,4.083333333333333,0.792593825721843,0
0i8slw0OpxuQ3e3kDUsNna,Kester,Jesus,Vazhiyarikil,20,291395,False,0.658,0.489,6,-9.257,0,0.0304,0.604,0.0,0.311,0.795,130.649,3,malay,4.856583333333333,0.7449457114847493,0
0f9Zt37k5AnTkrGIFqhkK6,Cyndi Lauper,Stranger Things (Soundtrack from the Netflix Original Series),Time After Time,53,237426,False,0.729,0.443,0,-9.195,1,0.0278,0.514,1.01e-06,0.094,0.324,130.359,4,disco,3.9571,0.7460925216876606,0
6olS0TmHmsGr0hXtcBsiVM,Megadeth,Youthanasia (Expanded Edition),A Tout Le Monde - Remastered 2004,66,262133,False,0.272,0.747,5,-4.86,0,0.0401,0.000393,4.03e-05,0.16,0.255,202.777,4,hard-rock,4.368883333333334,0.8262767511976767,1
7cn8UphRWOPeGn4hxMvY0X,Los Amigos Invisibles,Repeat After Me,Invisible Love,29,274346,False,0.731,0.747,11,-6.612,0,0.0305,0.0136,0.0301,0.09,0.962,125.98,4,afrobeat,4.572433333333334,0.7938701144960508,0
75c2enhZo8WQeZPQXkjpWq,Kelpe,Fourth: The Golden Eagle,Beaks of Eagles,9,271974,False,0.615,0.517,10,-9.227,1,0.0425,0.0907,0.729,0.183,0.644,95.08,4,idm,4.5329,0.7455006196474484,0
3tjjCCdXSdaVEo4q4y071G,Tobey Rosen,Whole Again (Acoustic Version),Whole Again - Acoustic Version,52,157231,False,0.736,0.145,11,-9.215,1,0.0336,0.855,0.0,0.108,0.235,129.832,4,acoustic,2.6205166666666666,0.745722582912528,0
3uit1VjYh9PzjVdpuJNkP8,The Lumineers,Calm Christmas,Blue Christmas,0,182703,False,0.661,0.22,1,-8.31,1,0.0298,0.742,6.09e-06,0.115,0.274,102.771,3,folk,3.04505,0.7624623124872832,0
3je1pkjiD7TLndoW6jqjoj,Lebo M.,The Lion King: Original Broadway Cast Recording,"The Lion Sleeps Tonight - From ""The Lion King""/Original Broadway Cast Recording",52,69760,False,0.548,0.383,4,-15.27,1,0.0606,0.658,1.34e-05,0.124,0.565,68.176,4,disney,1.1626666666666667,0.6337236187410983,0
5xFWlwt0VB7m4ZhCNoEQTW,Die Toten Hosen,Alles aus Liebe: 40 Jahre Die Toten Hosen,Chaot (in mir),36,195130,False,0.495,0.96,1,-3.116,1,0.0771,0.00128,0.0,0.19,0.686,162.004,4,punk-rock,3.2521666666666667,0.8585354123892496,0
11hQpTbTymxIZzSmabCd9b,Max Brhon,Redemption,Redemption,44,245529,False,0.49,0.741,5,-6.601,0,0.0561,0.000887,0.189,0.0787,0.0793,105.057,4,club,4.09215,0.7940735808223739,0
10clXWnF1WxfpWhuiHGZfx,Kitchen Dwellers,Ghost in the Bottle,Mountain,38,297640,False,0.583,0.63,0,-11.301,1,0.0353,0.459,0.115,0.285,0.662,150.064,4,bluegrass,4.960666666666667,0.7071379686661856,0
63GJDO5mxiFP1ZQEpdUWRd,Polaris,The Mortal Coil,The Remedy,57,243913,False,0.356,0.995,4,-3.366,0,0.172,3.26e-06,0.000196,0.403,0.167,183.985,4,metalcore,4.065216666666666,0.8539111777000906,0
4AyUaumLrKH1uYHSUxUOsv,Thompson Twins,"Love, Lies And Other Strange Things: Greatest Hits",Love on Your Side,26,239666,False,0.767,0.76,0,-9.293,1,0.105,0.0679,0.00213,0.0974,0.697,111.859,4,synth-pop,3.9944333333333333,0.7442798216895103,0
2ST9rghUAyWeXEG5Wtl3Q3,Audiofreq;Somnia;Shanti People,Hey Adi Yogi,Hey Adi Yogi - Hard Edit,23,186400,False,0.506,0.971,2,-2.999,1,0.0728,0.0264,0.0088,0.678,0.376,150.023,4,hardstyle,3.1066666666666665,0.8606995542237759,0
38HU7vX2HlEOXLOwwFApb4,Kyary Pamyu Pamyu,Candy Racer,Natsuiro Flower,20,289893,False,0.666,0.887,0,-3.318,1,0.0326,0.154,0.385,0.0302,0.971,131.986,4,j-idol,4.83155,0.8547990307604091,0
6jqgfUKBB7g8MAzil44eCn,The Lil Smokies,Changing Shades,Might as Well,26,164995,False,0.575,0.526,9,-8.852,1,0.0336,0.533,0.00153,0.0841,0.911,118.668,4,bluegrass,2.7499166666666666,0.7524369716811867,0
3dysNqzNtD4bhiI8tMJ4Vm,Emery,The Weak's End,Fractions,30,314026,False,0.414,0.828,1,-4.893,1,0.0477,0.0372,3.64e-06,0.172,0.306,154.017,3,hardcore,5.233766666666667,0.8256663522187078,0
2qMD3uFyeh7o7lyIakCvOr,Christopher Zondaflex Tyler,Mr. Chris' Tap Music for Kids,Shuffle,19,120085,False,0.966,0.851,9,-11.713,1,0.091,0.033,0.0179,0.0529,0.867,128.987,4,kids,2.0014166666666666,0.6995172298984518,0
397LYuxD2ENxd9fHy82nJJ,Kyle Kinane,"""I Liked His Old Stuff Better""",This Track Is Not Called 8 Ball,28,415786,False,0.649,0.712,6,-6.254,1,0.929,0.699,0.0,0.937,0.553,132.087,3,comedy,6.929766666666667,0.8004920185709264,0
2btAqXXb9XWPx1otiZtJbd,Squeeze,Greatest Hits,Another Nail In My Heart,23,178400,False,0.536,0.593,4,-14.733,1,0.0334,0.187,3.79e-06,0.102,0.869,150.219,4,power-pop,2.973333333333333,0.6436564748534118,0
7fYE7BT9Na8XpALQwuhIwX,Diljit Dosanjh,MoonChild Era,Champagne,62,182000,False,0.757,0.588,10,-6.383,0,0.12,0.252,0.0,0.0701,0.344,84.968,4,pop-film,3.033333333333333,0.7981059134713204,0
3PGvcGU10IzjiSA96A2GcO,HOSH;Jalja;CamelPhat,Tighter (feat. Jalja) [CamelPhat Remix],Tighter (feat. Jalja) - CamelPhat Remix,54,234312,False,0.647,0.937,10,-6.008,0,0.0366,0.00133,0.0292,0.131,0.145,125.016,4,electronic,3.9052,0.8050422655050588,0
0y3MztD4t3mIPJdKTzYI2Z,Newen Afrobeat,Newen Afrobeat,P.D.T.N. (Prostituto de Transnacional),18,402386,False,0.68,0.777,5,-5.853,0,0.0317,0.0808,0.522,0.161,0.425,105.052,3,afrobeat,6.706433333333333,0.8079092910123373,0
35leqosCqhfqSxhHD8rAfH,Kapten Röd,Fläcken Som Aldrig Går Bort,Blommor Vid Oscarsleden,29,266353,False,0.772,0.624,1,-8.04,0,0.168,0.268,0.0,0.066,0.837,74.978,4,dancehall,4.439216666666667,0.767456485951575,0
49PyCCLOdJi0jHkGyyY2vv,L'Impératrice;Isaac Delusion,Sonate Pacifique,Sonate Pacifique,61,348944,False,0.558,0.538,5,-8.853,1,0.0327,0.629,0.0198,0.424,0.254,99.992,4,french,5.815733333333333,0.7524184747424301,0
7AtftHwt5KYYhJUaY5rvkv,Pritam;Hans Raj Hans,Mausam,Ik Tu Hi Tu Hi,41,431189,False,0.367,0.732,8,-7.335,1,0.0562,0.309,0.0,0.0625,0.722,72.559,4,indian,7.186483333333333,0.7804968277750032,0
4HMsQy6myJNy1GoCLsIDDR,告五人,運氣來得若有似無,與海無關 (《比悲傷更悲傷的故事》影集版插曲),52,245231,False,0.654,0.227,2,-12.619,1,0.0298,0.906,2.14e-05,0.091,0.373,78.155,4,mandopop,4.087183333333333,0.6827590033849398,0
1UkPFjuFyZhHJ65ekc8VQZ,Fred V & Grafix,Here With You,Minor Happy,18,270344,False,0.389,0.853,10,-3.302,1,0.0361,0.000304,0.202,0.106,0.282,173.997,4,drum-and-bass,4.505733333333334,0.8550949817805152,0
0dzKBptH2P5j5a0MifBMwM,Jason Mraz,Feeling Good - Adult Pop Favorites,If It Kills Me,0,273653,False,0.633,0.429,4,-6.784,0,0.0381,0.0444,0.0,0.132,0.52,143.793,4,acoustic,4.560883333333333,0.7906886410299095,0
2UDEISJu7yrAyh2JrvS7fO,Mollono.Bass;KUOKO,"Woods, Tales & Friends (Part One)",No Silence,44,286717,False,0.688,0.635,2,-9.363,0,0.0349,0.00165,0.775,0.142,0.477,124.026,4,minimal-techno,4.778616666666666,0.7429850359765459,0
45SbQo5bq8f0hNdB70IyFC,Boyce Avenue,Save Your Tears,Save Your Tears,57,216800,False,0.735,0.275,8,-8.994,0,0.0304,0.746,0.0,0.131,0.294,116.004,4,acoustic,3.6133333333333333,0.7498104063777444,0
2ekuOuCfS6k0fNnxkyLHVb,Sergei Lemeshev,Русское наследие,Меж крутых бережков,0,184213,False,0.294,0.133,0,-17.964,1,0.052,0.994,5.68e-06,0.12,0.31,82.033,3,romance,3.0702166666666666,0.5838928657307215,0
3xCArrKypqhydG7WBGh4dM,Seikima-II,WORST,RATSBANE,19,280840,False,0.514,0.798,0,-11.778,1,0.0436,0.0366,0.000798,0.0565,0.642,120.114,4,heavy-metal,4.680666666666666,0.6983149288792705,0
6V0cw3ZOtm5oQJrSv4QluQ,Pritam;Arijit Singh;Antara Mitra,"Gerua (From ""Dilwale"")","Gerua (From ""Dilwale"")",52,345558,False,0.371,0.668,11,-7.269,0,0.0497,0.636,2e-06,0.294,0.403,87.458,4,indian,5.7593,0.7817176257329411,0
28HtSinrVGSd8Axef9XSH0,Mike Dunn;Luke Solomon,My House From All Angles (Remixes),If I Can't Get Down - Luke Solomon's Clubland Remix,11,216791,False,0.78,0.843,7,-7.399,1,0.0781,0.0161,0.317,0.0594,0.665,124.022,4,chicago-house,3.613183333333333,0.7793130236945784,0
5kK0CQYgpRgBrtMNNN47BG,Gustavo Santaolalla,The Last of Us,The Last of Us (Goodnight),48,51000,False,0.535,0.113,9,-22.767,0,0.233,0.93,0.635,0.0982,0.333,119.958,4,ambient,0.85,0.4950520688825999,0
7C9g7mGIpiMgeWauQ5ueBL,RADWIMPS,"Original Soundtrack of ""The Last Ten Years""",Ms. Phenomenal,50,318880,False,0.489,0.522,11,-5.291,1,0.0306,0.401,0.0,0.238,0.43,78.035,4,emo,5.314666666666667,0.8183045705935666,0
1aJMAxzhtScf4nJCbXX1O2,Alesso,Concierto en la ducha,REMEDY,0,190295,False,0.601,0.777,0,-4.612,1,0.0471,0.269,0.0,0.0883,0.485,119.963,4,dance,3.1715833333333334,0.8308639920093224,0
0hVoGcQfWl7KnAhi7cpXC3,dreissk,State of Decay 2 (Original Game Soundtrack),New Hope,11,206869,False,0.0717,0.459,6,-16.526,1,0.0622,0.738,0.931,0.0925,0.0356,185.643,4,idm,3.4478166666666668,0.6104914636627637,0
1wYlJG1iY4d7xKwGSZBuR4,Sofa Surfers;Mani Obeya,Superluminal,"Out, Damn Light",48,278466,False,0.627,0.717,4,-7.473,1,0.0519,0.0402,0.317,0.111,0.367,164.049,4,trip-hop,4.6411,0.7779442502265874,0
453EQz0bEuyxisK9CYJp0O,Evil Activities;Korsakoff,Insurrection,Shadows,16,218666,False,0.333,0.985,6,-1.844,0,0.471,0.00447,0.0,0.241,0.0583,180.092,4,happy,3.644433333333333,0.8820635184876902,0
4FQlpdVvtkaJGnO3rnTGYZ,Teuterekordz,Kein Nirvana,Delirium,39,174161,False,0.861,0.76,0,-5.943,1,0.0602,0.0655,0.00534,0.118,0.407,160.0,4,german,2.9026833333333335,0.8062445665242403,0
5mblm2qeUbMbsDNsIE5OQi,Cássia Eller,Acústico (Ao Vivo),1º De Julho - Ao Vivo,45,292306,False,0.32,0.878,7,-5.771,1,0.0909,0.538,0.0,0.665,0.509,170.064,4,brazil,4.871766666666667,0.8094260399903815,0
7LLcCqoQOhfgBbap9WRs1H,So La Lune,Théia,I8,34,218438,True,0.735,0.304,4,-12.471,0,0.156,0.69,0.0,0.0584,0.39,116.363,4,french,3.640633333333333,0.6854965503209219,0
4IQrkw1B28TFHMJbVbgiJC,Nifelheim,Servants of Darkness,Sadistic Blood Massacre,16,170133,False,0.223,0.989,5,-4.23,1,0.108,1.38e-06,0.833,0.149,0.0769,119.421,4,black-metal,2.83555,0.8379298226143573,0
5p6ZyraxBvo7obHkBHUaJi,Hank Williams,"The Garden Spot Programs, 1950",Lovesick Blues - Show 9,41,172218,False,0.673,0.35,5,-8.095,1,0.0421,0.961,0.0,0.579,0.654,133.694,4,honky-tonk,2.8703,0.76643915431996,0
1brpdmqkx3kSxyqzqXfW7J,KISS,Animalize,Heaven's On Fire,68,201400,False,0.679,0.866,0,-6.053,1,0.0635,0.00376,3.1e-05,0.312,0.785,124.324,4,hard-rock,3.3566666666666665,0.8042099032610103,1
6JULWULk2iLzF0GuynMyFl,William So,和那誰的,那誰,45,247546,False,0.654,0.553,1,-5.532,0,0.0304,0.68,0.0,0.122,0.391,117.979,4,cantopop,4.125766666666666,0.8138468083532174,0
3ufyezBXK8xgyb6MHLxLBC,Os Barões Da Pisadinha,Agora Eu Pego Mesmo,Tá Complicado,43,152842,False,0.718,0.875,5,-6.558,1,0.0419,0.572,0.0,0.0622,0.94,171.983,4,forro,2.5473666666666666,0.7948689491889092,0
2mCSqP0xAkWO7N53OnHRLk,Tanya Chua,天使與魔鬼的對話,十萬毫升淚水,53,260958,False,0.313,0.21,5,-9.931,1,0.0361,0.858,0.0,0.108,0.156,75.071,5,mandopop,4.3493,0.7324787747627768,0
60dbY1IYizdQQVhC4QTyEc,Jubin Nautiyal;Payal Dev,Dil Chahte Ho,Dil Chahte Ho,53,252771,False,0.3,0.399,7,-6.951,1,0.0341,0.812,0.0,0.0978,0.225,78.755,4,k-pop,4.21285,0.7875996522575514,0
2sWP5BvD2gcT32MpMAhkRU,salem ilese,CHRISTMAS TOP HITS 2022,Thank You Note,0,156265,False,0.637,0.705,10,-7.546,0,0.0502,0.121,0.0,0.0857,0.553,158.013,4,indie-pop,2.604416666666667,0.7765939736973531,0
1BpG59DLyW6jZxN2PYiUA3,Super Flu,Musik 3,2daBeat,47,329787,False,0.659,0.698,9,-10.252,0,0.0687,0.109,0.00864,0.0836,0.221,120.022,4,minimal-techno,5.49645,0.7265412574218966,0
3jmelhU4kuytaLPLeiAerH,Ill Niño,Revolution Revolucion,I Am Loco,55,210533,True,0.516,0.945,7,-4.202,1,0.0979,0.000602,0.0683,0.0841,0.101,174.756,4,industrial,3.5088833333333334,0.8384477368995431,0
7tL61fgLUj48iB6JXVWzii,Carmen Twillie;Lebo M.,Best of The Lion King,"Circle of Life (From ""The Lion King"") - From ""The Lion King""/ Soundtrack",30,238920,False,0.324,0.609,10,-8.046,1,0.0475,0.238,1.69e-06,0.218,0.525,83.319,4,disney,3.982,0.7673455043190351,0
47ksZ1E7i2q5ptirD0E86H,Mc Kadu;MC Cebezinho;Mc Kanhoto;MC GP;Dj Victor,B.I.G.O.D.E,Eu Tô de Miliduka,41,281379,False,0.662,0.477,11,-7.218,0,0.523,0.709,0.0,0.0979,0.449,173.942,4,funk,4.68965,0.7826609696095296,0
5S5uyh5TMl8bYZBlO8NKpm,Mk Mukesh,Feel My Love [feat. Moni Gopal] (Reprised Version),Feel My Love [feat. Moni Gopal] - Reprised Version,36,197189,False,0.552,0.35,6,-7.607,0,0.0245,0.799,0.0,0.121,0.237,92.567,4,samba,3.2864833333333334,0.7754656604331983,0
603h4xOmO5ZZS0GIeMXHur,Alan Menken,Aladdin (Original Motion Picture Soundtrack),The Wedding,34,71699,False,0.359,0.727,7,-8.003,1,0.0557,0.0347,0.93,0.0694,0.173,120.817,4,disney,1.1949833333333333,0.7681408726855705,0
6sOJPD0swoF50sYzHnampc,Bella Poarch,"#Multiverse, If the Multiverse Is Real",Living Hell,0,174002,False,0.729,0.551,0,-6.935,0,0.056,0.598,0.0,0.176,0.312,124.044,4,alternative,2.9000333333333335,0.7878956032776574,0
3NigHcNkAIUpS1cNbiqNl8,AJJ,Christmas Island,Angel of Death,28,174709,False,0.645,0.626,7,-7.551,1,0.0364,0.259,0.00887,0.115,0.307,118.585,4,acoustic,2.9118166666666667,0.7765014890035699,0
3i9ytL8WDi7W1Gt4hy0k8H,Norman Langen,Dieses Gefühl,Yolanda,26,205373,False,0.721,0.908,7,-3.142,0,0.0787,0.0609,0.0,0.362,0.512,107.991,4,party,3.4228833333333335,0.8580544919815769,0
68HWluL8NkjxrjlRATJ1nW,Zezé Di Camargo & Luciano,Zezé Di Camargo & Luciano 1993,Tudo de Novo,44,291106,False,0.693,0.48,11,-11.345,1,0.0249,0.254,4.85e-06,0.0867,0.54,108.049,4,sertanejo,4.851766666666666,0.7063241033608937,0
59klEKEftzx76xnc5Nq9cX,Nando Reis;Pitty,Um Tiro no Coração,Um Tiro no Coração,45,302052,False,0.766,0.776,2,-5.381,1,0.0291,0.184,0.0,0.113,0.576,132.098,4,brazil,5.0342,0.8166398461054695,0
482bGsGp562RA3RQ7rTjxJ,OConnor,Un Poco de Respeto,No soy un extraño,25,165212,False,0.666,0.521,5,-7.621,0,0.029,0.0982,0.00149,0.0649,0.218,102.001,4,heavy-metal,2.7535333333333334,0.7752067032906053,0
0EwQzledAlRhMl79C1PnvP,Mike Dunn;Jass Mann,My House From All Angles,Have It 4 U Babe (feat. Jass Mann) - Extended MixX,8,430100,False,0.812,0.905,1,-6.865,0,0.0616,0.00115,0.93,0.0469,0.889,125.02,4,chicago-house,7.168333333333333,0.789190388990622,0
5ZdY8ifXAy40ODdbIWhWel,Bersuit Vergarabat,La Revuelta,Cambiar El Alma,35,212360,False,0.51,0.86,5,-5.648,1,0.0375,0.00297,0.0,0.622,0.483,101.828,4,ska,3.5393333333333334,0.8117011634574477,0
4jpImWrX1hDIHHkVL9qpeu,Imagine Dragons,Halloween 2022,Thunder,0,187146,False,0.601,0.824,0,-4.757,1,0.0474,0.00866,0.173,0.155,0.246,167.965,4,rock,3.1191,0.8281819358896102,0
7nUgqMvj2oBzlsUjwvRVl8,Kevin Kern,Embracing the Wind,Fantasia's Lullaby,20,225680,False,0.563,0.0196,8,-23.289,1,0.0469,0.995,0.933,0.114,0.385,132.38,4,new-age,3.7613333333333334,0.48539666685163596,0
3M48mLjTHfMx6ogQfTVE9r,Brothers of Metal,The Other Son of Odin,The Other Son of Odin,54,205626,False,0.403,0.952,7,-4.534,1,0.081,0.000807,0.00101,0.325,0.517,174.974,4,heavy-metal,3.4271,0.83230675323234,0
6lft9WPolzGl1c0sxWAMsZ,Prinz;Liilz,Peter Pan (feat. Liilz),Peter Pan (feat. Liilz),70,139586,True,0.816,0.487,4,-8.059,0,0.314,0.168,0.0,0.176,0.479,141.015,4,chill,2.326433333333333,0.767105044115199,1
5iUjWA0lGW4TXr6KJs6Y0r,Mariya Takeuchi,Expressions,Shiawasenomonosashi,51,327146,False,0.7,0.814,4,-4.84,1,0.054,0.18,0.0,0.105,0.809,118.902,4,j-idol,5.4524333333333335,0.8266466899728095,0
5erSMVrRwNRKXVp3pMknSc,Roberto Goyeneche,Roberto Goyeneche: Cantor de Mi Barrio,Bandoneon Arrabalero,28,164266,False,0.387,0.475,2,-7.96,0,0.041,0.89,0.00485,0.168,0.642,120.686,4,tango,2.7377666666666665,0.7689362410521058,0
3Oel2uKhw6SBwZ5SfRCD6r,Pritam;Darshan Raval;Antara Mitra,Love Aaj Kal (Original Motion Picture Soundtrack),Mehrama - Extended,51,337749,False,0.545,0.632,7,-8.462,1,0.0316,0.863,0.00737,0.0931,0.393,107.931,4,indian,5.62915,0.7596507777962748,0
5ucgOQk1gfmiZDaSewy7Cj,Palavra Cantada,Cantigas de Roda,Alecrim,46,116160,False,0.673,0.209,10,-8.544,1,0.0361,0.869,2.27e-06,0.155,0.669,82.411,4,mpb,1.936,0.7581340288182304,0
7n4Ou2dY7blyiZyR1S6M2k,wavcrush,a daffodil a day,daffodils,33,137000,False,0.59,0.287,8,-14.677,0,0.136,0.149,0.858,0.11,0.329,120.043,4,study,2.283333333333333,0.6446923034237834,0
3tI3SEykqxq2ielVBTWkpo,Thin Lizzy,70s Christmas Party,The Boys Are Back In Town,0,263146,False,0.457,0.87,8,-4.906,1,0.0711,0.292,1.67e-06,0.117,0.694,81.095,4,blues,4.385766666666667,0.8254258920148715,0
2SsneDqgO7ZSi6Ktw5RbrV,The Marías,rainy day indie,We're the Lucky Ones,0,215933,False,0.37,0.184,4,-12.637,1,0.0302,0.969,0.00119,0.101,0.0581,86.834,3,indie-pop,3.598883333333333,0.6824260584873203,0
3BEYmsQniREjw43wdYG3U1,Andrew Lloyd Webber;The Andrew Lloyd Webber Orchestra;Simon Lee,Anthems for Witches 2022,The Phantom Of The Opera Symphonic Suite - Pt.1,0,317693,False,0.0776,0.132,6,-16.891,0,0.0368,0.674,0.848,0.181,0.0692,176.119,3,show-tunes,5.294883333333333,0.6037400810165917,0
7LNm1oWd6PniO9wRYpNY5o,Delaney Bailey,j's lullaby (darlin' i'd wait for you),j's lullaby (darlin' i'd wait for you),71,290132,False,0.54,0.11,8,-19.885,1,0.0328,0.498,0.000614,0.0781,0.172,76.068,4,indie-pop,4.835533333333333,0.5483602463792242,1
3LmG3yaSFHKB4rGtTWScQS,Stam1na,Taival,"Metsästäjä, II Ero",21,147320,False,0.44,0.555,9,-8.576,0,0.0359,0.123,0.342,0.113,0.042,147.924,3,heavy-metal,2.4553333333333334,0.7575421267780181,0
64B0yTuNiZ90zt0IBlmg9W,Alphaxone,The Infinite Void,Unusual Detection,13,386500,False,0.166,0.117,0,-19.708,1,0.0436,0.198,0.566,0.0943,0.0333,126.806,4,iranian,6.441666666666666,0.5516342045391488,0
6Dc2tCivms1s2X9myWe4ni,Rodrigo Amarante,Tuyo (Narcos Theme) [A Netflix Original Series Soundtrack],Tuyo (Narcos Theme) - A Netflix Original Series Soundtrack,65,89293,False,0.72,0.422,1,-13.338,0,0.069,0.474,0.0847,0.155,0.546,112.219,4,mpb,1.4882166666666667,0.6694597044189186,1
6aM1dvHvOjUSNbWsp3zLdJ,Rehmahz;Limoblaze,Victory,Victory,18,216868,False,0.672,0.437,2,-8.284,0,0.336,0.486,0.0,0.149,0.411,126.599,5,afrobeat,3.6144666666666665,0.7629432328949558,0
1Whxt3lFm3WZ5RjayHMucO,Son&Dad;Filip Nordin,Chill Out Covers - Chillout Covers - Chill Acoustic - Relaxing Songs - Calming Acoustic Songs,Drag Me Down,25,141176,False,0.879,0.411,8,-5.146,1,0.0376,0.61,0.0,0.296,0.609,119.013,4,acoustic,2.3529333333333335,0.8209866267132789,0
4FvJysAX0y4TfHE9CIprrx,DELLAFUENTE;Rvfv,K alegría,K alegría,70,159215,False,0.777,0.787,10,-5.472,0,0.0964,0.104,0.0161,0.0654,0.88,110.02,4,latino,2.653583333333333,0.8149566246786156,1
3zzIO4KB7dz0fMSD2f7TyS,Kenzie Smith Piano,"Anime Music Collection Piano Solo, Vol. 4","The World (From ""Death Note"")",28,95991,False,0.345,0.415,11,-13.334,0,0.0392,0.865,0.665,0.0997,0.269,89.972,5,piano,1.59985,0.6695336921739452,0
1xSXu8v1lqGK5smUTIdCNP,Dusty Decks,Jukebox Jackpot,Jukebox Jackpot,37,153982,False,0.858,0.429,9,-8.93,0,0.0428,0.81,0.925,0.0829,0.374,86.979,4,study,2.5663666666666667,0.7509942104581692,0
3di5hcvxxciiqwMH1jarhY,Adele,21,Set Fire to the Rain,80,242973,False,0.603,0.67,2,-3.882,0,0.0249,0.00408,1.68e-06,0.112,0.446,107.993,4,british,4.04955,0.8443667573016665,1
2IJqEh9d9Pie983MifjlD3,Carl Smith,The Essential Carl Smith,Are You Teasing Me,15,156533,False,0.498,0.263,4,-13.613,1,0.0308,0.835,8.41e-05,0.159,0.514,133.287,4,honky-tonk,2.6088833333333334,0.6643730462608438,0
76Hb0Dyy6kDcR3QEZwAycE,Kailash Kher;Paresh Kamath;Naresh Kamath,Kailasa Jhoomo Re,Tere Naina,34,389933,False,0.409,0.473,5,-8.273,1,0.0305,0.749,0.000559,0.108,0.45,81.773,4,folk,6.498883333333334,0.7631466992212788,0
4tA47shN4mOvU2ePdOPa8t,Micha von der Rampe,Ernte 2k23,Partyanimal,0,139159,False,0.814,0.74,0,-5.738,1,0.145,0.165,0.0,0.111,0.7,138.069,4,party,2.3193166666666665,0.8100364389693505,0
3qPXWPkEZgUhUgPifbE99z,Tiësto,WOW,WOW,61,148125,False,0.6,0.99,6,-3.016,1,0.337,0.00116,0.52,0.124,0.192,127.954,4,trance,2.46875,0.8603851062649132,0
4GzDCtyp9jkpS4QkUBBBiA,Keyakizaka46,世界には愛しかない,世界には愛しかない,19,296400,False,0.492,0.948,7,-3.202,1,0.0824,0.0572,9.73e-06,0.245,0.468,136.095,3,j-idol,4.94,0.8569446756561788,0
7LNdvaauHad6Qiqexxgqdt,Stumbleine,Spiderwebbed,Solar Flare,9,234293,False,0.515,0.621,2,-8.369,1,0.0359,0.0168,0.341,0.127,0.0948,87.491,4,idm,3.9048833333333333,0.7613709931006418,0
6OTZmey0AydX3Yb513CmW7,Anıl Piyancı,Zaman Yok,İnan İsterdim,37,241208,False,0.467,0.914,2,-6.486,0,0.242,0.00903,0.0,0.0897,0.48,100.018,4,turkish,4.020133333333333,0.796200728779387,0
7szxifMiAXPrK3wOdDpMdd,Authority Zero,A Passage In Time (Explicit Version),Over Seasons,34,232133,False,0.6,0.994,7,-2.718,1,0.161,0.21,1.65e-06,0.236,0.435,98.081,4,hardcore,3.8688833333333332,0.8658971940143906,0
3fsOBwBwxBB4j1IFhh3s9V,Deicide,Once Upon The Cross,Once Upon the Cross,42,214213,False,0.205,0.95,10,-8.498,0,0.132,1.93e-05,0.805,0.212,0.314,184.43,4,black-metal,3.5702166666666666,0.7589848880010358,0
3MgAlv870n4mLGWY32nrtO,Caspar Babypants,Night Night!,Sad Baby,30,193120,False,0.6,0.135,2,-15.372,1,0.0335,0.984,0.0239,0.111,0.0688,128.799,4,children,3.2186666666666666,0.6318369309879215,0
5C1X9UxsnagxubGSrZ1zMH,Dow Raiz;Lino Krizz,Melhor Que Ontem,Melhor Que Ontem,46,199284,False,0.731,0.798,7,-5.921,1,0.294,0.0315,8.64e-05,0.274,0.898,172.015,4,brazil,3.3214,0.8066514991768862,0
0LTgkQ12Oe6l15MK78H6sZ,Carajo,Atrapasueños,Fluir,28,318160,False,0.454,0.832,8,-4.097,1,0.0649,0.0081,0.0,0.194,0.324,173.646,4,heavy-metal,5.302666666666667,0.8403899154689898,0
6MoYUUZCiaFHJTtJxn8Uxp,Grupo Revelação,Ao Vivo No Morro II,Pai - Live,41,277453,False,0.572,0.913,9,-5.666,0,0.0554,0.48,0.0,0.699,0.833,106.497,4,pagode,4.624216666666666,0.8113682185598282,0
1E0yt5XSdjE9NOu897RilW,Slayer,Seasons In The Abyss,War Ensemble,56,291733,False,0.332,0.988,8,-4.111,1,0.146,7.65e-05,0.0126,0.055,0.097,98.878,4,death-metal,4.862216666666667,0.840130958326397,0
64vBCC1lpjEnF10CkDiDhv,Chris Lorenzo,Late Checkout,Every Morning,58,196406,False,0.795,0.981,6,-4.665,1,0.0517,0.00119,0.91,0.0519,0.666,128.0,4,groove,3.273433333333333,0.8298836542552207,0
0mWGz6hPTPuOK3SaETnqCo,Bass Modulators,Imagine,Imagine,52,244133,False,0.302,0.865,0,-3.216,1,0.0348,0.0199,7.25e-06,0.328,0.152,150.082,4,hardstyle,4.068883333333333,0.8566857185135859,0
457X7mSvMop7tKSNZWIQUu,Angband,Saved from the Truth,Persia,0,321773,False,0.343,0.941,8,-5.048,1,0.21,0.00063,0.852,0.323,0.391,79.949,4,iranian,5.3628833333333334,0.8227993267114292,0
5LInOGDHqrgetnMlnvaDNq,L'Impératrice;Rejjie Snow,Everything Eventually Ends,Everything Eventually Ends,63,177280,False,0.865,0.484,11,-9.321,0,0.177,0.361,9.53e-06,0.116,0.849,95.016,4,french,2.9546666666666668,0.7437619074043246,0
7IzEoGHwj4a3h78Yl5r4xq,Original Cast of Amélie,Amélie - A New Musical (Original Broadway Cast Recording),A Better Haircut,22,275413,False,0.491,0.288,2,-7.512,1,0.0434,0.816,0.0,0.209,0.371,76.413,3,show-tunes,4.590216666666667,0.7772228696150787,0
5ibmO0MNdUjNZQC93rQbaS,Michelle Nascimento,Louve e Adore,Louve e Adore,40,294986,False,0.621,0.792,9,-4.51,0,0.0713,0.236,0.0,0.146,0.411,150.044,4,gospel,4.916433333333333,0.8327506797624993,0
3Jzmf2dDBpZ8DUtIwoEeWE,Michel Berger,Beaurivage (Remasterisé en 2002),Mademoiselle Chang - Remasterisé en 2002,33,289293,False,0.848,0.815,7,-7.679,0,0.0304,0.276,0.0499,0.331,0.967,120.445,4,french,4.82155,0.7741338808427204,0
7geBeVl1Le1m948MVVPzcv,Matt Komo;Emily Zeck,Out of Sight,Out of Sight,46,216338,False,0.555,0.784,9,-5.301,1,0.0952,0.0245,0.044,0.23,0.335,141.972,4,dub,3.6056333333333335,0.8181196012060004,0
3IuTraprrDiCiGJ7tiGpGu,Aaron Shust,This Is What We Believe (Deluxe Edition),My Hope Is in You,48,254880,False,0.434,0.873,2,-3.749,1,0.0489,0.0234,0.0,0.323,0.365,150.077,4,world-music,4.248,0.846826850156299,0
3AKmFnBp3y1MxubtuXOkA0,Klubbheads,Ultimate NRG - Best of 1996-2016 (Mixed by Alex K),Kickin' Hard,33,417632,False,0.699,0.955,11,-10.148,0,0.071,0.00128,0.00369,0.0392,0.569,140.108,4,trance,6.960533333333333,0.7284649390525867,0
04l32IumKKAv4Wj06Af9AA,BBS Paranoicos,Hardcore para Señoritas (Reedición Especial),El Regreso,31,166000,False,0.375,0.931,10,-10.071,1,0.064,0.00743,0.679,0.256,0.439,103.502,4,hardcore,2.7666666666666666,0.7298892033368477,0
1LPq8d95OpzRz329qobaZ6,Eternate;Miriam Romeyn,Praise My Name,Praise My Name,41,235548,False,0.484,0.95,10,-4.977,0,0.0945,0.00106,3.36e-06,0.344,0.169,154.935,4,hardstyle,3.9258,0.8241126093631505,0
1L4U5ikDKnskqKUpe1Knzc,Mae,The Everglow,Someone Else's Arms,30,309104,False,0.519,0.893,1,-5.037,1,0.0758,0.001,0.000931,0.433,0.525,142.022,4,piano,5.1517333333333335,0.8230027930377523,0
73ruq8AAgS42eJhPpTNua7,Los Solistas,Homenaje A Juan D'Arienzo Vol 2,El Tarta,18,109866,False,0.735,0.524,5,-10.5,0,0.271,0.815,0.0218,0.261,0.895,136.685,4,tango,1.8311,0.7219540166102509,0
3PLQj7TnKFV7IpKuxiNeTS,Rustage;Fabvl;None Like Joshua;Connor Quest!;Eddie Rath;iBringDaLULZ;Cdawgva;Zach Boucher;Shwabadi;Divide Music;GameboyJones;Shao Dow;DizzyEight;FrivolousShara;DiggzDaProphecy;Dreaded Yasuke;BassedOlaf;Daddyphatsnaps,Shonen Jump,Shonen Jump,45,439492,False,0.782,0.732,9,-4.749,0,0.317,0.454,0.0,0.105,0.786,80.018,4,anime,7.324866666666667,0.8283299113996633,0
2e8XKQRSHxRIPM3dsR2hmk,Aaron Tveit;Joe Iconis;Joe Iconis & Family,Album,The Answer,20,276721,True,0.713,0.532,2,-7.177,1,0.0351,0.455,0.0,0.107,0.404,121.98,4,show-tunes,4.612016666666666,0.7834193440985516,0
4iHHkK1z9L7uCoo0Aub9yW,The Streets;Donae'o;Greentea Peng,I Wish You Loved You As Much As You Love Him,I Wish You Loved You As Much As You Love Him (feat. Donae’O & Greentea Peng),25,173685,True,0.898,0.779,0,-6.279,1,0.231,0.0271,0.000126,0.171,0.793,126.021,4,garage,2.89475,0.8000295951020105,0
44f0izaEgnddX0jIRIBmfQ,Rob McClure;Analise Scarpaci;Jenn Gambatese;Jake Ryan Flynn;J. Harrison Ghee;Brad Oscar;Mark Evans;Peter Bartlett;Cameron Adams;Aaron Kaburick;Aléna Watters;Charity Angél Dawson;David Hibbard;KJ Hippensteel;Mrs. Doubtfire Original Broadway Ensemble;Wayne Kirkpatrick;Karey Kirkpatrick;Mrs. Doubtfire Original Broadway Cast,Mrs. Doubtfire (Original Broadway Cast Recording),"As Long As There Is Love, Pt. 2",22,165080,False,0.591,0.683,4,-4.691,1,0.125,0.708,0.0,0.447,0.722,129.88,4,show-tunes,2.751333333333333,0.8294027338475481,0
3P9lW9xTkSp72M8bUSBRVC,Yiruma,f r a m e,Walking In The Forest,43,187250,False,0.401,0.128,5,-16.846,1,0.0387,0.988,0.919,0.106,0.0578,93.158,3,new-age,3.120833333333333,0.6045724432606404,0
4dJrjWtAhEkW7VdPYSL1Ip,Anirudh Ravichander;Gana Balachandar,"Vaathi Coming (From ""Master"")","Vaathi Coming (From ""Master"")",60,228257,False,0.649,0.947,7,-4.087,1,0.26,0.218,0.383,0.0532,0.579,164.943,4,hip-hop,3.8042833333333332,0.8405748848565563,0
2SoHnESLR60erIgFi8zFFi,Central 3;Pevê Brito;Alessandro Vilas Boas,Não Há Outro Lugar (feat. Alessandro Vilas Boas) [Ao Vivo],Não Há Outro Lugar (feat. Alessandro Vilas Boas) - Ao Vivo,42,806406,False,0.488,0.531,9,-8.687,1,0.0298,0.209,5.37e-05,0.733,0.22,141.023,4,gospel,13.4401,0.7554889665760317,0
6o8TVsJ32zgciInnkbWPvk,Hanumankind,Skyline,Skyline,32,266486,True,0.855,0.554,0,-11.658,0,0.0876,0.313,8.16e-05,0.102,0.381,111.005,4,malay,4.441433333333333,0.7005345615300667,0
3Eo7rOfvXRzGq68b9PVfZE,Wisin & Yandel,Esto No Se Le Dedica A Cualquiera,Estoy Enamorado,2,271720,False,0.78,0.725,6,-6.032,1,0.0503,0.288,0.0,0.0851,0.431,100.92,4,electro,4.528666666666667,0.8045983389748995,0
1XfWRrji6DBo420tz75tNV,Mayday,後 青春期的詩,你不是真正的快樂,53,299906,False,0.402,0.688,5,-4.747,1,0.0299,0.0761,6.75e-06,0.327,0.431,164.082,4,mandopop,4.998433333333334,0.8283669052771766,0
5c45xnW2qXhg9C9XvfQOxm,Germaine Franco,Encanto (Trilha Sonora Original em Português),Las Hermanas Pelean,20,77933,False,0.427,0.124,0,-16.689,1,0.0376,0.846,0.939,0.126,0.221,103.483,4,disney,1.2988833333333334,0.6074764626454321,0
0DBot2uK8DcgaipNnRNZJJ,Heléne Lundström,Small steps,Dreamlover,18,138306,False,0.64,0.417,1,-7.55,0,0.0265,0.842,0.0,0.188,0.522,141.903,4,disney,2.3051,0.7765199859423265,0
0sswApV2NWdBgUOx9dtjpG,Dinos,RAP MUSCULATION RENTRÉE 2022,5711,0,185306,True,0.913,0.62,8,-8.679,1,0.235,0.105,1.14e-06,0.211,0.49,140.049,4,french,3.088433333333333,0.7556369420860847,0
5dzTfHXcdHjxoJbpdy4DUu,The Heavy;The Dap-Kings Horns,How You Like Me Now EP,Coleen feat. The Dap-Kings Horns,46,179847,False,0.687,0.69,5,-4.96,0,0.0527,0.13,0.0,0.122,0.786,83.019,4,garage,2.99745,0.8244270573220132,0
0kMzT1kil4veF1JCm8NovK,Posthuman;Mac & Ward,fabric presents TSHA (Mixed),You're Mine - Mac & Ward Extended Remix Mixed,12,217653,False,0.578,0.995,5,-7.934,1,0.0503,0.00101,0.882,0.121,0.657,123.625,4,idm,3.62755,0.7694171614597783,0
07VFhQepf26fYJvy32mjeg,蔣志光;王利名,相逢.走,要走的始終都要走,19,263000,False,0.646,0.446,10,-12.604,1,0.0295,0.726,0.0,0.387,0.354,127.552,4,cantopop,4.383333333333334,0.6830364574662893,0
18hqoDrwHmZQwrv3e7wVyj,Jim Brickman,By Heart,Little Star,20,240533,False,0.415,0.0346,0,-22.765,1,0.0406,0.991,0.895,0.0702,0.315,138.901,4,new-age,4.008883333333333,0.49508906276011316,0
20pxoRoue8oz2dbOzR5ydc,Gerson Rufino,10 Anos de Louvor,Com Ele,44,267120,False,0.608,0.544,9,-5.879,1,0.0282,0.498,1.15e-06,0.114,0.345,140.005,4,brazil,4.452,0.8074283706046649,0
26bmTNZzIN3J7mYfHIQ7qK,One True God,No Names,No Names,33,162285,False,0.647,0.814,2,-2.456,1,0.0523,0.00169,0.136,0.373,0.196,104.996,4,club,2.70475,0.870743391968629,0
1aW7Cno3iDf1jIraOXLOKJ,Irina Karatcheva,Возвращение. русские романсы,В лунном сияньи,0,125406,False,0.388,0.0369,9,-21.176,0,0.047,0.984,0.0,0.115,0.385,98.997,3,romance,2.0901,0.5244806984444075,0
4OhrEMzb7JIlDLJnDF5i2V,Robert Schimmel,Life Since Then,17 Year Old,23,291880,True,0.598,0.583,8,-16.918,1,0.943,0.885,0.0,0.579,0.354,120.523,1,comedy,4.8646666666666665,0.6032406636701626,0
2XWx3cUPgju22NUCbv5e1X,Jungle Fire,Tropicoso,Village Hustle,16,240400,False,0.785,0.874,4,-8.122,0,0.0485,0.0782,0.816,0.0728,0.962,120.102,4,afrobeat,4.006666666666667,0.7659397369735308,0
000Iz0K615UepwSJ5z2RE5,Paul Kalkbrenner;Pig&Dan,X,Böxig Leise - Pig & Dan Remix,22,515360,False,0.686,0.56,5,-13.264,0,0.0462,0.00114,0.181,0.111,0.108,119.997,4,minimal-techno,8.589333333333334,0.6708284778869096,0
7kAghH1NK3QdwwdCX0PM8d,Zhanna Bichevskaya,"Starye russkie narodnye derevenskie i gorodskie pesni, Ch. 1",Svetit mesjats,4,183606,False,0.484,0.29,6,-11.357,1,0.0408,0.828,0.000147,0.0913,0.693,118.9,4,romance,3.0601,0.7061021400958141,0
5eYQMChHFGtMlRPZicBtMC,Topic;A7S,pov: it's 2020,Breaking Me,0,166793,False,0.789,0.72,8,-5.652,0,0.217,0.223,0.0,0.129,0.664,122.031,4,edm,2.7798833333333333,0.8116271757024212,0
1AnK1OH0pHI5u8PXK1lMoW,Pidżama Porno,Bułgarskie centrum,Kotów kat ma oczy zielone,37,266626,False,0.509,0.838,4,-6.319,0,0.0367,0.00803,0.0,0.248,0.777,144.88,4,punk-rock,4.443766666666667,0.799289717551745,0
0f1svjHSiaCJif6noKKVHa,Hunter Hayes,Hunter Hayes (Encore),Wanted,56,228840,False,0.421,0.476,0,-7.692,1,0.0298,0.268,0.0,0.0816,0.3,169.784,4,country,3.814,0.7738934206388842,0
4XzyKeriVAO9uad6C3ZnM2,Dark-E;Playboyz,Sunset At Brecht/ Melting,Sunset At Brecht - Original Version,24,350896,False,0.705,0.834,8,-8.017,1,0.0735,0.00152,0.829,0.0256,0.471,145.003,4,hardstyle,5.8482666666666665,0.7678819155429776,0
2ww2xnkptug8KwF6XzEwMq,Linkin Park,LIVING THINGS,UNTIL IT BREAKS,48,223400,False,0.316,0.835,2,-6.67,1,0.321,0.0489,0.000774,0.287,0.415,170.061,4,grunge,3.723333333333333,0.792797292048166,0
7LZgdL0MxiElfaKZbuuE4l,The Smiths,Louder Than Bombs,Asleep - 2011 Remaster,65,253560,False,0.512,0.255,0,-15.867,1,0.0291,0.88,0.532,0.146,0.215,115.144,3,punk-rock,4.226,0.6226809463033868,1
7JVjcxfs9CG6Ozlmibdrkl,Stephan Moccio,Whitby,Whitby,49,195240,False,0.215,0.0223,7,-28.528,0,0.0432,0.991,0.922,0.105,0.253,166.528,3,ambient,3.254,0.3884912047056212,0
6dm9WLQPqe2kp5wS3DlD1n,Dillon Francis;ILLENIUM;EVAN GIIA,EDM Gaming Music Autumn/Winter 2022,Don't Let Me Let Go,1,205479,False,0.488,0.715,9,-4.656,1,0.0562,0.0367,0.0,0.122,0.397,145.979,4,edm,3.42465,0.8300501267040304,0
6wWH1NP5tx5nogRyrD4EbT,Euforquestra;Kyle Hollingsworth,Fire,Instant Coffee (feat. Kyle Hollingsworth),19,306200,False,0.717,0.777,5,-4.229,1,0.0744,0.239,0.725,0.162,0.792,101.941,4,afrobeat,5.1033333333333335,0.8379483195531139,0
6Qq8lIoV6gHc77GSjacOHP,AA Apres-Ski!,Apres-Ski Lawine 2010,Er hat ein knallrotes Gummiboot,29,208946,False,0.779,0.98,4,-4.86,1,0.0429,0.166,0.0,0.338,0.891,129.996,4,disco,3.4824333333333333,0.8262767511976767,0
03EM4X7msE6ZRxT1a6zVBh,Hillsong Worship;Reuben Morgan,let there be light.,I Will Boast In Christ,39,292373,False,0.353,0.575,9,-7.047,1,0.0316,0.0278,0.0,0.856,0.255,143.982,4,world-music,4.872883333333333,0.7858239461369143,0
6EsH66Uto1zwZlDGQ6RokU,Martin Garrix,Forbidden Voices,Forbidden Voices,61,230634,False,0.534,0.711,10,-5.927,0,0.0368,0.05,0.0031,0.135,0.3,128.102,4,progressive-house,3.8439,0.8065405175443464,0
28fz3mwbypiLwIOyLkOuvv,Grupo Presença;MC Hariel,Pagode do Presença | Made In Funk (Ao Vivo),Maçã Verde - Ao Vivo,52,176307,False,0.76,0.706,2,-6.28,0,0.1,0.336,0.0,0.717,0.687,130.027,4,pagode,2.93845,0.8000110981632539,0
0iYXsL63iA5pL9zvCATqB3,S.P.Y;Diane Charlemagne,Sick Music 2019,Dusty Fingers - Metrik Remix,18,275674,False,0.581,0.886,2,-3.5,1,0.0473,0.0026,0.314,0.236,0.286,173.999,4,drum-and-bass,4.594566666666666,0.8514325879067014,0
7eKekawLw4EX970YE8yfik,Dub Pistols;TK,Rum & Coke,She Moves,20,183719,False,0.748,0.769,7,-8.616,1,0.121,0.1,3.01e-05,0.145,0.861,97.548,4,breakbeat,3.0619833333333335,0.7568022492277527,0
55HOjqIYabSrsIkD5dvzrC,Matheus & Kauan,Na Praia (Ao Vivo),Que Sorte A Nossa - Na Praia / Ao Vivo,46,221346,False,0.38,0.724,7,-4.318,1,0.0411,0.303,0.0,0.921,0.416,93.979,4,sertanejo,3.6891,0.8363020920037734,0
3awaN4hJ3e3s6WcVEB79fE,A-Mei Chang,姊妹,解脫,53,284666,False,0.539,0.341,1,-12.495,1,0.0279,0.7,0.0,0.269,0.676,167.539,4,mandopop,4.744433333333333,0.6850526237907626,0
57Y9YzDxXB2sVlhvqK94sK,York;Kryder,On The Beach (Kryder Remix),On The Beach - Kryder Remix,54,173841,False,0.565,0.899,1,-6.016,1,0.0324,0.00576,0.795,0.162,0.111,123.988,4,techno,2.89735,0.8048942899950058,0
3dzMSEy7d8NEdfeLqe2zdW,Liniker e os Caramelows;Liniker;Caramelows,Remonta,Caeu,41,262893,False,0.629,0.544,7,-6.39,1,0.0483,0.269,0.0,0.119,0.469,135.04,4,mpb,4.38155,0.797976434900024,0
3PpW8wtylTjANy9OHm8k53,Aviões do Forró,"Aviões do Forró, Vol. 3",Eu Não Vou Mais Chorar,46,190223,False,0.649,0.898,9,-7.04,1,0.047,0.517,1.48e-06,0.384,0.961,182.054,4,forro,3.1703833333333336,0.7859534247082107,0
1OZpUOQumWhZ8Gr1bUsmrz,ABC,Mirando las nubes,Poison Arrow,0,203600,False,0.725,0.861,11,-6.901,0,0.0751,0.204,0.00127,0.245,0.819,125.659,4,synth-pop,3.3933333333333335,0.788524499195383,0
3NbcxD3uC4aDsv87lwK1WM,Taku Iwasaki,JOJO'S BIZARRE ADVENTURE -O.S.T Battle Tendency [Musik],Overdrive,51,226706,False,0.576,0.822,1,-8.456,1,0.11,0.000909,0.537,0.11,0.193,134.981,4,anime,3.7784333333333335,0.7597617594288145,0
5psoxZpBVWS27k9Fngaes9,Maduk;Veela,Memoirs,Ghost Assassin - VIP,48,222739,False,0.584,0.924,11,-3.089,0,0.0759,0.0166,0.0,0.0851,0.543,87.96,4,drum-and-bass,3.7123166666666667,0.8590348297356787,0
5bSSkaqVo0qsOmtYOcPpp3,Jethro Tull,Stand Up,We Used to Know - 2001 Remaster,53,243373,False,0.247,0.458,4,-10.509,0,0.0322,0.105,3.33e-05,0.283,0.465,171.923,3,psych-rock,4.056216666666667,0.7217875441614412,0
4UirRyrZ431JmKmqVzfX8q,Jóhann Jóhannsson,Spooky Scary Season,"First Encounter - From ""Arrival"" Soundtrack",0,289548,False,0.186,0.00432,7,-20.811,1,0.0366,0.926,0.963,0.0952,0.0286,57.23,4,ambient,4.8258,0.5312320810905795,0
30czRkzbE2SaDp5139eHew,Ufo361,VVS Bonus EP,Zieh dich aus,39,227137,True,0.809,0.509,2,-7.572,0,0.237,0.371,0.000911,0.102,0.174,126.945,4,german,3.785616666666667,0.7761130532896805,0
6dL5J3pfax49nEyvqz0ZcU,Rick James,Halloween 2022,Super Freak,0,204600,False,0.857,0.796,9,-6.866,0,0.0527,0.079,0.0,0.0503,0.944,132.528,4,disco,3.41,0.7891718920518653,0
4TpPSDtJGuD51E66sWrxmd,Roman Müller;Ellysse Mason,Human,Human,57,145250,False,0.666,0.527,10,-9.286,1,0.0315,0.313,0.000143,0.264,0.247,119.986,4,deep-house,2.4208333333333334,0.7444093002608068,0
1tJf9tdBDvK130VCj1VAmt,Sound Sleeping,Sleep (Rain Sounds Compilation),Paradise Rain,39,268471,False,0.0,0.0474,2,-15.677,0,0.0,0.117,0.989,0.79,0.0,0.0,0,sleep,4.474516666666666,0.6261953646671475,0
3p4Iji2RMmWLnkPupv7gKk,MHRAP,Tipo Capitão Patria,Tipo Capitão Patria,42,214499,True,0.813,0.477,1,-9.924,0,0.263,0.144,0.0,0.13,0.739,135.943,4,r-n-b,3.5749833333333334,0.7326082533340732,0
6iW7i44Piu4rqVJovJ8DI1,Zé Ramalho,Zé Ramalho Ao Vivo 2005,Canção Agalopada (Ao Vivo),39,295253,False,0.221,0.882,11,-6.614,0,0.0778,0.198,0.00533,0.899,0.457,173.91,4,mpb,4.920883333333333,0.7938331206185376,0
5oslaeVoAfbVvtDtB91wVC,Kozah;OMAS,I Know,I Know,31,206400,False,0.406,0.871,9,-6.496,0,0.0914,0.000718,0.539,0.375,0.188,149.957,4,dubstep,3.44,0.7960157593918206,0
45JIlBXEhd6BriIUqxITFT,Hank Williams,The Complete Hank Williams,Sundown And Sorrow,11,81106,False,0.405,0.351,2,-12.126,1,0.0279,0.891,0.0,0.128,0.888,82.449,4,honky-tonk,1.3517666666666666,0.6918779941919613,0
1ioaV68BICIiSHpcqSUVHR,Funk Flex;CJ,You Know,You Know,55,111386,True,0.891,0.585,0,-6.122,0,0.131,0.0752,0.0,0.134,0.24,125.024,4,hardcore,1.8564333333333334,0.8029336144868023,0
6EhpZwYStL4t0SJ8d7G3KF,Fairlane;ROZES;JT Roach,Out Loud,Out Loud,38,224000,False,0.524,0.571,5,-5.314,1,0.0262,0.218,5.58e-06,0.12,0.185,108.087,4,dubstep,3.7333333333333334,0.8178791410021641,0
6e2DUXyUrGTP8mMzJne62K,That Girl Lay Lay,Watch Me,Do What I Want,13,184992,False,0.899,0.625,10,-6.044,0,0.371,0.41,0.0,0.25,0.576,130.84,4,kids,3.0832,0.80437637570982,0
0vOhrlR0zF6sbQs5TxuAUZ,Papa Khan,I GOT YOU,I GOT YOU,35,167545,False,0.391,0.607,6,-2.876,0,0.0589,0.00104,0.732,0.266,0.141,149.361,4,dubstep,2.7924166666666665,0.8629746776908421,0
7AH76Vec800rSRmfXJsXsk,WAAX,At Least I'm Free,Whoever,28,233640,False,0.644,0.599,4,-6.026,1,0.0403,0.0528,1.26e-05,0.117,0.293,120.0,4,garage,3.894,0.8047093206074394,0
3q0VwPWeb3UGR1Ij4oTXWk,Karen Mok,YOU CAN,陰天,47,242293,False,0.72,0.529,10,-8.928,1,0.0406,0.559,2.1e-05,0.163,0.267,133.967,4,cantopop,4.038216666666667,0.7510312043356823,0
7HsGtxpInhLpgIH3OREKDr,Jeanne Added,Radiate,Before the Sun,29,257413,False,0.524,0.764,3,-9.53,1,0.049,0.266,0.0299,0.0886,0.0388,121.923,4,synth-pop,4.290216666666667,0.7398960472041877,0
2xVjvDSSHeY5O1EpPBDZD7,Escala Mercalli;La Combo Tortuga;Luis Lambis,Dices,Dices,39,204945,False,0.786,0.794,5,-3.241,0,0.0632,0.194,0.0,0.156,0.904,95.0,4,dancehall,3.41575,0.8562232950446701,0
19fhOFi6pNGeZe5uiFlm7c,YOASOBI,優しい彗星,優しい彗星,64,215333,False,0.715,0.722,5,-4.62,1,0.0348,0.197,0.0,0.114,0.522,89.995,4,j-pop,3.5888833333333334,0.8307160164992694,0
4BG5z09kr5M1CVla6MQmcO,Asia,Fiesta temática 80s,Only Time Will Tell,0,284000,False,0.29,0.884,9,-5.71,0,0.0673,0.0435,0.0,0.225,0.294,125.314,4,hard-rock,4.733333333333333,0.8105543532545363,0
0Ho6NsIqN6oOj2wY4xSSpp,Maggie Rogers,Chill Mood,Light On,1,233880,False,0.657,0.569,2,-6.287,1,0.0542,0.201,1.35e-05,0.126,0.399,102.055,4,indie-pop,3.898,0.7998816195919575,0
7sxA24QDCYRSEUQqEAsaKR,Aazar;Swae Lee;Tove Lo,Diva (with Swae Lee & Tove Lo),Diva (with Swae Lee & Tove Lo),49,165600,True,0.694,0.717,5,-5.468,0,0.0467,0.0674,0.0,0.143,0.306,100.063,4,electronic,2.76,0.8150306124336423,0
63WuQOXohQIxOxIFA2K7bR,Måneskin,SUPERMODEL,SUPERMODEL,83,148064,False,0.636,0.876,7,-3.413,1,0.0555,0.00164,0.0,0.117,0.799,120.983,4,indie-pop,2.4677333333333333,0.8530418215785287,1
5sbCXvnZQEREKHF6IU7Hmf,Orbital,Diversions,Lush 3 (Euro Tunnel Disaster '94)/ Walk About (John Peel Sessions),16,875560,False,0.509,0.874,2,-10.352,1,0.0463,0.00195,0.851,0.0989,0.266,128.77,4,breakbeat,14.592666666666666,0.7246915635462331,0
4fvjWN4iTBr7sQB1qponDE,Jeff Foxworthy,We've Been Thinking,The Only Prostate,30,206684,False,0.497,0.792,5,-10.411,1,0.945,0.735,0.0,0.653,0.18,180.71,4,comedy,3.444733333333333,0.7236002441595915,0
6X4SWrZpylWclBbl7iK3Gw,Håkan Hellström,"Nåt gammalt, nåt nytt, nåt lånat, nåt blått",Går vidare,28,334333,False,0.348,0.389,3,-7.831,1,0.0292,0.9,0.355,0.108,0.148,170.34,4,goth,5.572216666666667,0.7713223461517118,0
6FBOCvFNx6C0f6tW6WrqoK,Napalm Death,From Enslavement To Obliteration,Mentally Murdered,13,133893,False,0.177,0.89,2,-8.5,1,0.0519,1.3e-06,0.952,0.186,0.482,106.17,4,grindcore,2.23155,0.7589478941235225,0
4iU09khJ8ZpDoP4aCU0XR9,Matrix & Futurebound,Glow Worm,Glow Worm,20,253793,False,0.526,0.959,9,-2.592,1,0.0581,0.00667,0.865,0.728,0.184,174.032,4,drum-and-bass,4.229883333333333,0.8682278082977267,0
0UK0hZ7lhXDkZdgwS9KUIj,Rnla;Carl Storm,Hold Each Other,Hold Each Other,45,177407,False,0.488,0.303,3,-12.426,0,0.0494,0.929,3.44e-06,0.14,0.152,114.962,4,chill,2.9567833333333335,0.6863289125649704,0
0qD7FNvGrdwtH3EaUnK2RY,Simon Wester,Among Us,Among Us,38,194676,False,0.113,0.146,4,-19.294,1,0.033,0.925,0.958,0.0998,0.08,75.822,4,ambient,3.2446,0.559291937184396,0
5XWANb1t35rvZLytVAnEXo,Aline Barros,Caminho de Milagres,Poder Pra Salvar (Mighty to Save),43,359166,False,0.529,0.831,4,-3.876,1,0.0511,0.455,0.0,0.808,0.382,149.813,4,brazil,5.9861,0.8444777389342064,0
3ny4OoFhXIPtCmbzmNdPZ2,Narcosis,Primera Dosis,Danza De Los Cristales,19,182821,False,0.352,0.847,4,-8.522,1,0.0631,0.162,0.00451,0.105,0.478,150.125,4,grindcore,3.0470166666666665,0.7585409614708766,0
1eK9FbqhWUoolfJdiQtKaO,Jota Quest,Acústico Jota Quest,Vem Andar Comigo - Acústico,40,274539,False,0.464,0.284,7,-14.977,1,0.0307,0.778,0.0,0.695,0.458,147.137,4,mpb,4.57565,0.6391432217967926,0
4JC8vnwP59u2WG6jbHCPOO,Hugo TSR,Tant qu'on est là,La cage,39,199720,False,0.831,0.577,7,-6.774,1,0.364,0.258,0.0,0.354,0.245,95.018,4,french,3.328666666666667,0.7908736104174758,0
4tjXsHj3H4RYPd0vGHmACg,Valentín Elizalde,Flor de Capomo,Flor de Capomo,44,155432,False,0.675,0.313,3,-14.826,1,0.277,0.748,0.000233,0.412,0.978,135.643,4,r-n-b,2.590533333333333,0.6419362595490445,0
1mWdyqs6Zvg8b1lKjDc8yB,Chris Tomlin,The Ultimate Playlist,Good Good Father,66,293398,False,0.429,0.587,9,-4.588,1,0.0275,0.315,0.0,0.108,0.164,145.003,3,alt-rock,4.889966666666667,0.8313079185394816,1
